[
    {
        "name": "American Dream!",
        "country": "USA",
        "startDate": "01-02-2023",
        "endDate": "01-09-2023",
        "price": 4000,
        "places": 5,
        "description": "Statua Wolności, hamburgery, Wielki Kanion, most samobójców i Alcatraz",
        "image": "../assets/images/usa.jpg"
    },
    {
        "name": "Nie udawaj Greka!",
        "country": "Grecja",
        "startDate": "01-12-2023",
        "endDate": "01-19-2023",
        "price": 2500,
        "places": 3,
        "description": "Szlakiem Sokratesa, Platona i innych mądrych martwych Greków.",
        "image": "../assets/images/greece.jpg"
    },
    {
        "name": "Bombowy Paryż!",
        "country": "Francja",
        "startDate": "01-10-2023",
        "endDate": "01-17-2023",
        "price": 1900.56,
        "places": 23,
        "description": "Żaby, bagietki, śmierdzące sery, wieża Eiffla i zamachy bombowe w centrum Paryża",
        "image": "../assets/images/france.jpg"
    },
    {
        "name": "Gorące Bałkany!",
        "country": "Albania",
        "startDate": "01-22-2023",
        "endDate": "01-29-2023",
        "price": 1500,
        "places": 5,
        "description": "Wino, kobiety i śpew, czyli zabawa na bałkanach.",
        "image": "../assets/images/albania.jpg"
    },
    {
        "name": "Oktoberfest!",
        "country": "Niemcy",
        "startDate": "01-19-2023",
        "endDate": "01-26-2023",
        "price": 2300,
        "places": 27,
        "description": "Brama Brandenburska, brzydkie kobiety i pyszne piwo.",
        "image": "../assets/images/niemcy.jpg"
    },
    {
        "name": "Hau Hau ping pong!",
        "country": "Chiny",
        "startDate": "01-23-2023",
        "endDate": "01-30-2023",
        "price": 2900,
        "places": 8,
        "description": "Długi spacerek murem chińskim i smaczne psy po pekińsku.",
        "image": "../assets/images/chiny.jpg"
    },
    {
        "name": "Utop się w piasku!",
        "country": "Egipt",
        "startDate": "01-06-2023",
        "endDate": "01-11-2023",
        "price": 2300,
        "places": 18,
        "description": "Faraon, piramidy, wielbłądy, Sfinks bez nosa, i gorący piasek wszędzie.",
        "image": "../assets/images/egypt.jpg"
    },
    {
        "name": "Niech żyje Elżbieta II!",
        "country": "Anglia",
        "startDate": "01-15-2023",
        "endDate": "01-22-2023",
        "price": 2950,
        "places": 13,
        "description": "Nie ma po co przyjeżdżać Królowej już z nami nie ma. Big Ben stoi dalej.",
        "image": "../assets/images/england.jpg"
    },
    {
        "name": "Uniknąć śmierci!",
        "country": "Australia",
        "startDate": "01-11-2022",
        "endDate": "01-20-2022",
        "price": 2100,
        "places": 0,
        "description": "Kangury, koale, pająki, pająki i więcej pająków.",
        "image": "../assets/images/australia.jpg"
    },
    {
        "name": "Gorzka wódka, trzeba ją osłodzić!",
        "country": "Polska",
        "startDate": "01-14-2022",
        "endDate": "01-21-2022",
        "price": 2000,
        "places": 12,
        "description": "Kraków, Warszawa, wódka, inflacja taka sytuacja.",
        "image": "../assets/images/poland.jpg"
    }
]